{"color":{"r":0.5372549019607843,"b":0.8549019607843137,"g":0.9098039215686274,"a":1},"index":5,"category":"Colors"}