{"color":{"r":0,"b":0.3568627450980392,"g":0.4470588235294117,"a":1},"index":4,"category":"Colors"}