{"color":{"r":0.5647058823529411,"b":0.7215686274509804,"g":0.3607843137254902,"a":1},"name":"purple","category":"Colors","index":6}