{"color":{"r":0.2784313725490196,"b":0.9725490196078431,"g":0.6352941176470588,"a":1},"index":3,"category":"Colors"}