{"color":{"r":0.984313725490196,"b":0.203921568627451,"g":0.8274509803921568,"a":1},"name":"yellow","category":"Colors","index":0}