{"color":{"r":0.9803921568627451,"b":0.2588235294117647,"g":0.2705882352941176,"a":1},"index":2,"category":"Colors"}